date,game_size,match_id,match_mode,party_size,player_assists,player_dbno,player_dist_ride,player_dist_walk,player_dmg,player_kills,player_name,player_survive_time,team_id,team_placement
2017-10-31T02:41:53+0000,95,2U4GBNA0YmmhivBOFUiipklIPVdC0DRgkX88eyhTYGiAnoXrjvEhNQHZMWi8d5y9,tpp,1,0,0,0,37.919838,20,0,m3xdave,106.351,100000,88
2017-10-31T02:41:53+0000,95,2U4GBNA0YmmhivBOFUiipklIPVdC0DRgkX88eyhTYGiAnoXrjvEhNQHZMWi8d5y9,tpp,1,0,0,292.205048,3457.03613,387,3,UDaddyHere,1690.021,100006,8
2017-10-31T02:41:53+0000,95,2U4GBNA0YmmhivBOFUiipklIPVdC0DRgkX88eyhTYGiAnoXrjvEhNQHZMWi8d5y9,tpp,1,0,0,0,106.2159,0,0,Dummy05,103.415,100010,89
2017-10-31T02:41:53+0000,95,2U4GBNA0YmmhivBOFUiipklIPVdC0DRgkX88eyhTYGiAnoXrjvEhNQHZMWi8d5y9,tpp,1,0,0,0,126.959831,91,0,NA-Wuyifan,272.838,100019,67
2017-10-31T02:41:53+0000,95,2U4GBNA0YmmhivBOFUiipklIPVdC0DRgkX88eyhTYGiAnoXrjvEhNQHZMWi8d5y9,tpp,1,0,0,0,43.34671,0,0,kickinchicken,134.342,100024,81
2017-10-31T02:41:53+0000,95,2U4GBNA0YmmhivBOFUiipklIPVdC0DRgkX88eyhTYGiAnoXrjvEhNQHZMWi8d5y9,tpp,1,1,0,0,218.5152,71,0,WhiteCrane,193.885,100026,74
2017-10-31T02:41:53+0000,95,2U4GBNA0YmmhivBOFUiipklIPVdC0DRgkX88eyhTYGiAnoXrjvEhNQHZMWi8d5y9,tpp,1,0,0,0,858.5553,0,0,holographicBDSM,1649.86,100027,9
2017-10-31T02:41:53+0000,95,2U4GBNA0YmmhivBOFUiipklIPVdC0DRgkX88eyhTYGiAnoXrjvEhNQHZMWi8d5y9,tpp,1,0,0,2914.935,596.844666,35,0,wangge0424,687.157,100030,47
2017-10-31T02:41:53+0000,95,2U4GBNA0YmmhivBOFUiipklIPVdC0DRgkX88eyhTYGiAnoXrjvEhNQHZMWi8d5y9,tpp,1,0,0,0,1565.26514,210,2,MambaTongue,660.697,100032,50
2017-10-31T02:41:53+0000,95,2U4GBNA0YmmhivBOFUiipklIPVdC0DRgkX88eyhTYGiAnoXrjvEhNQHZMWi8d5y9,tpp,1,0,0,592.7873,1009.12994,0,0,sun2009,673.376,100035,49
2017-10-31T02:41:53+0000,95,2U4GBNA0YmmhivBOFUiipklIPVdC0DRgkX88eyhTYGiAnoXrjvEhNQHZMWi8d5y9,tpp,1,0,0,0,1613.10718,110,1,Chewwe,1019.25,100037,35
2017-10-31T02:41:53+0000,95,2U4GBNA0YmmhivBOFUiipklIPVdC0DRgkX88eyhTYGiAnoXrjvEhNQHZMWi8d5y9,tpp,1,0,0,0,126.344391,0,0,Corsa1,182.626,100040,77
2017-10-31T02:41:53+0000,95,2U4GBNA0YmmhivBOFUiipklIPVdC0DRgkX88eyhTYGiAnoXrjvEhNQHZMWi8d5y9,tpp,1,1,0,568.1191,2693.52417,9,0,MeesterPaul,1357.662,100044,20
2017-10-31T02:41:53+0000,95,2U4GBNA0YmmhivBOFUiipklIPVdC0DRgkX88eyhTYGiAnoXrjvEhNQHZMWi8d5y9,tpp,1,0,0,0,198.1307,0,0,Duartbros,464.25,100051,58
2017-10-31T02:41:53+0000,95,2U4GBNA0YmmhivBOFUiipklIPVdC0DRgkX88eyhTYGiAnoXrjvEhNQHZMWi8d5y9,tpp,1,0,0,0,14.9920874,71,0,countdavion,94.97,100054,91
2017-10-31T02:41:53+0000,95,2U4GBNA0YmmhivBOFUiipklIPVdC0DRgkX88eyhTYGiAnoXrjvEhNQHZMWi8d5y9,tpp,1,0,0,0,150.7939,185,1,Jackson3547,199.483,100057,73
2017-10-31T02:41:53+0000,95,2U4GBNA0YmmhivBOFUiipklIPVdC0DRgkX88eyhTYGiAnoXrjvEhNQHZMWi8d5y9,tpp,1,0,0,0,82.67386,36,0,zombieGO,128.169,100063,82
2017-10-31T02:41:53+0000,95,2U4GBNA0YmmhivBOFUiipklIPVdC0DRgkX88eyhTYGiAnoXrjvEhNQHZMWi8d5y9,tpp,1,0,0,1160.45972,1118.90051,100,1,undercookedramen,1020.264,100078,34
2017-10-31T02:41:53+0000,95,2U4GBNA0YmmhivBOFUiipklIPVdC0DRgkX88eyhTYGiAnoXrjvEhNQHZMWi8d5y9,tpp,1,0,0,6583.38,691.8981,290,1,sneaky_beaky_,1708.33,100080,7
2017-10-31T02:41:53+0000,95,2U4GBNA0YmmhivBOFUiipklIPVdC0DRgkX88eyhTYGiAnoXrjvEhNQHZMWi8d5y9,tpp,1,0,0,0,365.898682,100,1,DreamsJoJo1,489.609,100081,57
2017-10-31T02:41:53+0000,95,2U4GBNA0YmmhivBOFUiipklIPVdC0DRgkX88eyhTYGiAnoXrjvEhNQHZMWi8d5y9,tpp,1,0,0,2406.154,565.480835,35,0,KingCobraGut,637.758,100082,52
2017-10-31T02:41:53+0000,95,2U4GBNA0YmmhivBOFUiipklIPVdC0DRgkX88eyhTYGiAnoXrjvEhNQHZMWi8d5y9,tpp,1,0,0,444.334839,2610.382,20,0,baaaaaaaaaaaaaaa,1911.936,100084,3
2017-10-31T02:41:53+0000,95,2U4GBNA0YmmhivBOFUiipklIPVdC0DRgkX88eyhTYGiAnoXrjvEhNQHZMWi8d5y9,tpp,1,0,0,0,1389.15137,545,5,jiuxijiuxi,594.493,100004,56
2017-10-31T02:41:53+0000,95,2U4GBNA0YmmhivBOFUiipklIPVdC0DRgkX88eyhTYGiAnoXrjvEhNQHZMWi8d5y9,tpp,1,0,0,0,25.059248,0,0,RisenDay,84.646,100005,94
2017-10-31T02:41:53+0000,95,2U4GBNA0YmmhivBOFUiipklIPVdC0DRgkX88eyhTYGiAnoXrjvEhNQHZMWi8d5y9,tpp,1,0,0,0,3875.382,830,9,aaromdl,1708.545,100011,6
2017-10-31T02:41:53+0000,95,2U4GBNA0YmmhivBOFUiipklIPVdC0DRgkX88eyhTYGiAnoXrjvEhNQHZMWi8d5y9,tpp,1,0,0,0,1575.52026,156,1,xx_zhang,1434.94,100017,17
2017-10-31T02:41:53+0000,95,2U4GBNA0YmmhivBOFUiipklIPVdC0DRgkX88eyhTYGiAnoXrjvEhNQHZMWi8d5y9,tpp,1,0,0,0,235.560287,100,1,Axe111,1058.78,100020,71
2017-10-31T02:41:53+0000,95,2U4GBNA0YmmhivBOFUiipklIPVdC0DRgkX88eyhTYGiAnoXrjvEhNQHZMWi8d5y9,tpp,1,0,0,0,4.33705044,63,0,6trumps_wall9,113.843,100029,87
2017-10-31T02:41:53+0000,95,2U4GBNA0YmmhivBOFUiipklIPVdC0DRgkX88eyhTYGiAnoXrjvEhNQHZMWi8d5y9,tpp,1,0,0,1304.03284,2314.55737,278,2,CS-B46,1329.802,100033,21
2017-10-31T02:41:53+0000,95,2U4GBNA0YmmhivBOFUiipklIPVdC0DRgkX88eyhTYGiAnoXrjvEhNQHZMWi8d5y9,tpp,1,0,0,0,281.040924,63,0,yexianfeng666,383.647,100041,62
2017-10-31T02:41:53+0000,95,2U4GBNA0YmmhivBOFUiipklIPVdC0DRgkX88eyhTYGiAnoXrjvEhNQHZMWi8d5y9,tpp,1,0,0,0,332.992554,69,0,TRillslice,320.25,100042,66
2017-10-31T02:41:53+0000,95,2U4GBNA0YmmhivBOFUiipklIPVdC0DRgkX88eyhTYGiAnoXrjvEhNQHZMWi8d5y9,tpp,1,0,0,3693.45654,2915.019,9,0,brillante,1481.032,100047,16
2017-10-31T02:41:53+0000,95,2U4GBNA0YmmhivBOFUiipklIPVdC0DRgkX88eyhTYGiAnoXrjvEhNQHZMWi8d5y9,tpp,1,0,0,1031.46265,1606.6969,0,0,Psoron,859.802,100049,56
2017-10-31T02:41:53+0000,95,2U4GBNA0YmmhivBOFUiipklIPVdC0DRgkX88eyhTYGiAnoXrjvEhNQHZMWi8d5y9,tpp,1,0,0,0,488.391632,0,0,TheBigPear,611.089,100055,54
2017-10-31T02:41:53+0000,95,2U4GBNA0YmmhivBOFUiipklIPVdC0DRgkX88eyhTYGiAnoXrjvEhNQHZMWi8d5y9,tpp,1,0,0,0,749.5849,0,0,ElSabor,782.283,100065,45
2017-10-31T02:41:53+0000,95,2U4GBNA0YmmhivBOFUiipklIPVdC0DRgkX88eyhTYGiAnoXrjvEhNQHZMWi8d5y9,tpp,1,0,0,0,103.655823,0,0,TrickyMcLefty,365.044,100067,64
2017-10-31T02:41:53+0000,95,2U4GBNA0YmmhivBOFUiipklIPVdC0DRgkX88eyhTYGiAnoXrjvEhNQHZMWi8d5y9,tpp,1,0,0,2882.02417,2080.07666,170,1,firerfly3375,1648.77,100073,10
2017-10-31T02:41:53+0000,95,2U4GBNA0YmmhivBOFUiipklIPVdC0DRgkX88eyhTYGiAnoXrjvEhNQHZMWi8d5y9,tpp,1,0,0,0,22.018837,99,0,mrdo233,119.705,100074,83
2017-10-31T02:41:53+0000,95,2U4GBNA0YmmhivBOFUiipklIPVdC0DRgkX88eyhTYGiAnoXrjvEhNQHZMWi8d5y9,tpp,1,0,0,0,1734.66919,0,0,Kzjy,1108.783,100076,46
2017-10-31T02:41:53+0000,95,2U4GBNA0YmmhivBOFUiipklIPVdC0DRgkX88eyhTYGiAnoXrjvEhNQHZMWi8d5y9,tpp,1,0,0,0,82.5438843,0,0,UlsanPJ,140.63,100089,79
2017-10-31T02:41:53+0000,95,2U4GBNA0YmmhivBOFUiipklIPVdC0DRgkX88eyhTYGiAnoXrjvEhNQHZMWi8d5y9,tpp,1,0,0,0,2144.114,31,1,ShowTime___,1046.739,100090,33
2017-10-31T02:41:53+0000,95,2U4GBNA0YmmhivBOFUiipklIPVdC0DRgkX88eyhTYGiAnoXrjvEhNQHZMWi8d5y9,tpp,1,0,0,0,51.4176025,0,0,Amshi,88.384,100091,92
2017-10-31T02:41:53+0000,95,2U4GBNA0YmmhivBOFUiipklIPVdC0DRgkX88eyhTYGiAnoXrjvEhNQHZMWi8d5y9,tpp,1,0,0,6247.62451,1414.65063,8,0,SunWeiZai98,1085.055,100094,30
2017-10-31T02:41:53+0000,95,2U4GBNA0YmmhivBOFUiipklIPVdC0DRgkX88eyhTYGiAnoXrjvEhNQHZMWi8d5y9,tpp,1,0,0,0,368.567932,0,0,Bruder74,622.933,100098,53
2017-10-31T02:41:53+0000,95,2U4GBNA0YmmhivBOFUiipklIPVdC0DRgkX88eyhTYGiAnoXrjvEhNQHZMWi8d5y9,tpp,1,0,0,0,169.202911,100,1,Thecrossbowstore,207.142,100002,72
2017-10-31T02:41:53+0000,95,2U4GBNA0YmmhivBOFUiipklIPVdC0DRgkX88eyhTYGiAnoXrjvEhNQHZMWi8d5y9,tpp,1,0,0,2640.6853,2895.558,30,0,Kana-H,1325.692,100008,22
2017-10-31T02:41:53+0000,95,2U4GBNA0YmmhivBOFUiipklIPVdC0DRgkX88eyhTYGiAnoXrjvEhNQHZMWi8d5y9,tpp,1,0,0,1.76130247,1560.48,100,1,VIPERYAO,778.375,100009,46
2017-10-31T02:41:53+0000,95,2U4GBNA0YmmhivBOFUiipklIPVdC0DRgkX88eyhTYGiAnoXrjvEhNQHZMWi8d5y9,tpp,1,0,0,0,1968.63855,240,2,lileibabashiw,1283.385,100013,23
2017-10-31T02:41:53+0000,95,2U4GBNA0YmmhivBOFUiipklIPVdC0DRgkX88eyhTYGiAnoXrjvEhNQHZMWi8d5y9,tpp,1,0,0,0,10.62204,95,0,Poojy,87.896,100014,93
2017-10-31T02:41:53+0000,95,2U4GBNA0YmmhivBOFUiipklIPVdC0DRgkX88eyhTYGiAnoXrjvEhNQHZMWi8d5y9,tpp,1,0,0,591.8351,2661.93945,387,4,WG-qun-668089289,1393.024,100018,18
2017-10-31T02:41:53+0000,95,2U4GBNA0YmmhivBOFUiipklIPVdC0DRgkX88eyhTYGiAnoXrjvEhNQHZMWi8d5y9,tpp,1,0,0,789.7678,1644.06,52,0,BallerStatusTM,1282.862,100021,24
2017-10-31T02:41:53+0000,95,2U4GBNA0YmmhivBOFUiipklIPVdC0DRgkX88eyhTYGiAnoXrjvEhNQHZMWi8d5y9,tpp,1,0,0,0,391.9166,0,0,Honey_Badger02,409.971,100023,59
2017-10-31T02:41:53+0000,95,2U4GBNA0YmmhivBOFUiipklIPVdC0DRgkX88eyhTYGiAnoXrjvEhNQHZMWi8d5y9,tpp,1,0,0,2.210514,4376.995,340,3,Proclam,1961.797,100028,2
2017-10-31T02:41:53+0000,95,2U4GBNA0YmmhivBOFUiipklIPVdC0DRgkX88eyhTYGiAnoXrjvEhNQHZMWi8d5y9,tpp,1,0,0,0,2285.14746,0,0,JokerLun,1051.272,100031,32
2017-10-31T02:41:53+0000,95,2U4GBNA0YmmhivBOFUiipklIPVdC0DRgkX88eyhTYGiAnoXrjvEhNQHZMWi8d5y9,tpp,1,0,0,0,712.4261,100,1,Karedorn,601.246,100034,55
2017-10-31T02:41:53+0000,95,2U4GBNA0YmmhivBOFUiipklIPVdC0DRgkX88eyhTYGiAnoXrjvEhNQHZMWi8d5y9,tpp,1,0,0,1223.26575,1673.65857,167,2,XiZiE,1505.192,100043,14
2017-10-31T02:41:53+0000,95,2U4GBNA0YmmhivBOFUiipklIPVdC0DRgkX88eyhTYGiAnoXrjvEhNQHZMWi8d5y9,tpp,1,0,0,1863.74121,2284.06543,0,0,MAD_PvtRyan,832.499,100045,43
2017-10-31T02:41:53+0000,95,2U4GBNA0YmmhivBOFUiipklIPVdC0DRgkX88eyhTYGiAnoXrjvEhNQHZMWi8d5y9,tpp,1,0,0,884.8858,1107.887,0,0,Yellowginger,862.717,100056,41
2017-10-31T02:41:53+0000,95,2U4GBNA0YmmhivBOFUiipklIPVdC0DRgkX88eyhTYGiAnoXrjvEhNQHZMWi8d5y9,tpp,1,0,0,0,43.4826851,100,1,MCCREE1996,139.808,100062,80
2017-10-31T02:41:53+0000,95,2U4GBNA0YmmhivBOFUiipklIPVdC0DRgkX88eyhTYGiAnoXrjvEhNQHZMWi8d5y9,tpp,1,0,0,0,37.6777229,81,0,UpInTheMix,83.692,100066,95
2017-10-31T02:41:53+0000,95,2U4GBNA0YmmhivBOFUiipklIPVdC0DRgkX88eyhTYGiAnoXrjvEhNQHZMWi8d5y9,tpp,1,0,0,0,2278.453,98,0,PhantomBeggar,950.523,100069,38
2017-10-31T02:41:53+0000,95,2U4GBNA0YmmhivBOFUiipklIPVdC0DRgkX88eyhTYGiAnoXrjvEhNQHZMWi8d5y9,tpp,1,0,0,4192.6377,811.424,151,1,RubMyChubb,1004.447,100071,36
2017-10-31T02:41:53+0000,95,2U4GBNA0YmmhivBOFUiipklIPVdC0DRgkX88eyhTYGiAnoXrjvEhNQHZMWi8d5y9,tpp,1,0,0,783.415955,720.073,392,3,Gavin03,649.026,100072,51
2017-10-31T02:41:53+0000,95,2U4GBNA0YmmhivBOFUiipklIPVdC0DRgkX88eyhTYGiAnoXrjvEhNQHZMWi8d5y9,tpp,1,0,0,0,15.0740776,0,0,knockinoffheads,102.019,100075,90
2017-10-31T02:41:53+0000,95,2U4GBNA0YmmhivBOFUiipklIPVdC0DRgkX88eyhTYGiAnoXrjvEhNQHZMWi8d5y9,tpp,1,0,0,131.021866,415.154816,0,0,whiteodie,389.552,100077,61
2017-10-31T02:41:53+0000,95,2U4GBNA0YmmhivBOFUiipklIPVdC0DRgkX88eyhTYGiAnoXrjvEhNQHZMWi8d5y9,tpp,1,0,0,3955.83,1217.18945,205,2,RealSushi,1503.774,100085,27
2017-10-31T02:41:53+0000,95,2U4GBNA0YmmhivBOFUiipklIPVdC0DRgkX88eyhTYGiAnoXrjvEhNQHZMWi8d5y9,tpp,1,0,0,0,267.152954,0,0,RawVision,405.43,100086,60
2017-10-31T02:41:53+0000,95,2U4GBNA0YmmhivBOFUiipklIPVdC0DRgkX88eyhTYGiAnoXrjvEhNQHZMWi8d5y9,tpp,1,0,0,2575.87866,1695.30017,0,0,QueenOfPizza,1584.257,100087,13
2017-10-31T02:41:53+0000,95,2U4GBNA0YmmhivBOFUiipklIPVdC0DRgkX88eyhTYGiAnoXrjvEhNQHZMWi8d5y9,tpp,1,0,0,0,138.052429,0,0,Molteran,190.814,100097,75
2017-10-31T02:41:53+0000,95,2U4GBNA0YmmhivBOFUiipklIPVdC0DRgkX88eyhTYGiAnoXrjvEhNQHZMWi8d5y9,tpp,1,0,0,0,3205.857,182,0,DaRoc-iwnl-,1280.298,100001,25
2017-10-31T02:41:53+0000,95,2U4GBNA0YmmhivBOFUiipklIPVdC0DRgkX88eyhTYGiAnoXrjvEhNQHZMWi8d5y9,tpp,1,0,0,0,3383.91943,126,1,OneReif,973.799,100003,37
2017-10-31T02:41:53+0000,95,2U4GBNA0YmmhivBOFUiipklIPVdC0DRgkX88eyhTYGiAnoXrjvEhNQHZMWi8d5y9,tpp,1,0,0,1491.155,2726.21118,75,1,BonnieChloe,1592.215,100007,12
2017-10-31T02:41:53+0000,95,2U4GBNA0YmmhivBOFUiipklIPVdC0DRgkX88eyhTYGiAnoXrjvEhNQHZMWi8d5y9,tpp,1,0,0,0,34.7991753,0,0,DenverDan,118.982,100012,84
2017-10-31T02:41:53+0000,95,2U4GBNA0YmmhivBOFUiipklIPVdC0DRgkX88eyhTYGiAnoXrjvEhNQHZMWi8d5y9,tpp,1,0,0,1570.76111,1160.18933,503,5,SARS12112,899.904,100015,40
2017-10-31T02:41:53+0000,95,2U4GBNA0YmmhivBOFUiipklIPVdC0DRgkX88eyhTYGiAnoXrjvEhNQHZMWi8d5y9,tpp,1,0,0,0,535.6768,76,0,Futureadpro,269.766,100016,68
2017-10-31T02:41:53+0000,95,2U4GBNA0YmmhivBOFUiipklIPVdC0DRgkX88eyhTYGiAnoXrjvEhNQHZMWi8d5y9,tpp,1,0,0,4139.08154,1764.17957,128,0,mrozbrne,1180.849,100022,27
2017-10-31T02:41:53+0000,95,2U4GBNA0YmmhivBOFUiipklIPVdC0DRgkX88eyhTYGiAnoXrjvEhNQHZMWi8d5y9,tpp,1,0,0,3629.12,1582.34717,325,3,748qq2,1744.19,100025,5
2017-10-31T02:41:53+0000,95,2U4GBNA0YmmhivBOFUiipklIPVdC0DRgkX88eyhTYGiAnoXrjvEhNQHZMWi8d5y9,tpp,1,0,0,0,35.496376,0,0,usman78,148.359,100036,78
2017-10-31T02:41:53+0000,95,2U4GBNA0YmmhivBOFUiipklIPVdC0DRgkX88eyhTYGiAnoXrjvEhNQHZMWi8d5y9,tpp,1,0,0,2173.10156,2835.49121,134,0,billcosbers,1613.337,100038,11
2017-10-31T02:41:53+0000,95,2U4GBNA0YmmhivBOFUiipklIPVdC0DRgkX88eyhTYGiAnoXrjvEhNQHZMWi8d5y9,tpp,1,0,0,3897.94043,1206.21619,22,0,KinRing,1142.137,100039,28
2017-10-31T02:41:53+0000,95,2U4GBNA0YmmhivBOFUiipklIPVdC0DRgkX88eyhTYGiAnoXrjvEhNQHZMWi8d5y9,tpp,1,0,0,0,263.224731,228,2,NoNameFound-,247.52,100048,70
2017-10-31T02:41:53+0000,95,2U4GBNA0YmmhivBOFUiipklIPVdC0DRgkX88eyhTYGiAnoXrjvEhNQHZMWi8d5y9,tpp,1,0,0,0,118.448769,100,1,DaturaNoir90,184.869,100053,76
2017-10-31T02:41:53+0000,95,2U4GBNA0YmmhivBOFUiipklIPVdC0DRgkX88eyhTYGiAnoXrjvEhNQHZMWi8d5y9,tpp,1,0,0,0,2690.34277,681,7,PappyFlappy,1961.964,100058,1
2017-10-31T02:41:53+0000,95,2U4GBNA0YmmhivBOFUiipklIPVdC0DRgkX88eyhTYGiAnoXrjvEhNQHZMWi8d5y9,tpp,1,0,0,0,503.9325,100,1,SilenceKillz777,789.827,100059,44
2017-10-31T02:41:53+0000,95,2U4GBNA0YmmhivBOFUiipklIPVdC0DRgkX88eyhTYGiAnoXrjvEhNQHZMWi8d5y9,tpp,1,0,0,0,131.226547,86,0,javierlahozm,218.166,100060,71
2017-10-31T02:41:53+0000,95,2U4GBNA0YmmhivBOFUiipklIPVdC0DRgkX88eyhTYGiAnoXrjvEhNQHZMWi8d5y9,tpp,1,0,0,0,393.705444,100,1,Pathfinder01,370.213,100061,63
2017-10-31T02:41:53+0000,95,2U4GBNA0YmmhivBOFUiipklIPVdC0DRgkX88eyhTYGiAnoXrjvEhNQHZMWi8d5y9,tpp,1,0,0,5358.04541,2163.33252,391,4,jurumiao,1373.026,100068,19
2017-10-31T02:41:53+0000,95,2U4GBNA0YmmhivBOFUiipklIPVdC0DRgkX88eyhTYGiAnoXrjvEhNQHZMWi8d5y9,tpp,1,0,0,2420.67358,2832.055,99,1,longyuzuisao666,1192.062,100070,26
2017-10-31T02:41:53+0000,95,2U4GBNA0YmmhivBOFUiipklIPVdC0DRgkX88eyhTYGiAnoXrjvEhNQHZMWi8d5y9,tpp,1,0,0,0,178.66481,0,0,Yyk0906,114.193,100079,86
2017-10-31T02:41:53+0000,95,2U4GBNA0YmmhivBOFUiipklIPVdC0DRgkX88eyhTYGiAnoXrjvEhNQHZMWi8d5y9,tpp,1,0,0,0,168.39064,0,0,L-Chanter,264.719,100083,69
2017-10-31T02:41:53+0000,95,2U4GBNA0YmmhivBOFUiipklIPVdC0DRgkX88eyhTYGiAnoXrjvEhNQHZMWi8d5y9,tpp,1,0,0,0,983.1144,202,2,gus0312,687.102,100088,48
2017-10-31T02:41:53+0000,95,2U4GBNA0YmmhivBOFUiipklIPVdC0DRgkX88eyhTYGiAnoXrjvEhNQHZMWi8d5y9,tpp,1,0,0,4049.15,2397.36084,76,0,Xw2000,921.82,100092,39
2017-10-31T02:41:53+0000,95,2U4GBNA0YmmhivBOFUiipklIPVdC0DRgkX88eyhTYGiAnoXrjvEhNQHZMWi8d5y9,tpp,1,0,0,0,203.794662,189,1,seclusiveee,325.374,100093,65
2017-10-31T02:41:53+0000,95,2U4GBNA0YmmhivBOFUiipklIPVdC0DRgkX88eyhTYGiAnoXrjvEhNQHZMWi8d5y9,tpp,1,0,0,0,5.43447161,0,0,wei25434325,118.428,100095,85
2017-10-31T02:41:53+0000,95,2U4GBNA0YmmhivBOFUiipklIPVdC0DRgkX88eyhTYGiAnoXrjvEhNQHZMWi8d5y9,tpp,1,0,0,3611.27783,2286.42871,274,2,Clannad123,1783.834,100096,4
2017-11-27T22:00:10+0000,28,2U4GBNA0Yml2_DBLxSRUUOk7WbSY6mZrfDHDs_6wlAEi4yMNyBLqD6teGP1n6JCv,tpp,4,1,0,1339.6416,2602.371,25,0,W68668686,1519.442,1,8
2017-11-27T22:00:10+0000,28,2U4GBNA0Yml2_DBLxSRUUOk7WbSY6mZrfDHDs_6wlAEi4yMNyBLqD6teGP1n6JCv,tpp,4,1,0,1390.23975,2669.42676,50,1,YH_SH,1541.427,1,8
2017-11-27T22:00:10+0000,28,2U4GBNA0Yml2_DBLxSRUUOk7WbSY6mZrfDHDs_6wlAEi4yMNyBLqD6teGP1n6JCv,tpp,4,1,0,1715.28674,2610.315,24,0,SkullzStruck,1541.421,1,8
2017-11-27T22:00:10+0000,28,2U4GBNA0Yml2_DBLxSRUUOk7WbSY6mZrfDHDs_6wlAEi4yMNyBLqD6teGP1n6JCv,tpp,4,2,1,969.4829,2894.23633,126,0,Enigmatics,1541.416,1,8
2017-11-27T22:00:10+0000,28,2U4GBNA0Yml2_DBLxSRUUOk7WbSY6mZrfDHDs_6wlAEi4yMNyBLqD6teGP1n6JCv,tpp,4,0,3,3092.58716,1956.85107,233,1,Nastuko_NaiNai99,1380.235,2,6
2017-11-27T22:00:10+0000,28,2U4GBNA0Yml2_DBLxSRUUOk7WbSY6mZrfDHDs_6wlAEi4yMNyBLqD6teGP1n6JCv,tpp,4,1,0,2750.06177,2584.59668,66,0,Lao_A,1498.177,2,6
2017-11-27T22:00:10+0000,28,2U4GBNA0Yml2_DBLxSRUUOk7WbSY6mZrfDHDs_6wlAEi4yMNyBLqD6teGP1n6JCv,tpp,4,0,0,0,411.564148,0,0,shiheouba,663.699,2,6
2017-11-27T22:00:10+0000,28,2U4GBNA0Yml2_DBLxSRUUOk7WbSY6mZrfDHDs_6wlAEi4yMNyBLqD6teGP1n6JCv,tpp,4,0,5,3548.81372,2341.09961,554,3,RoronoaZoro2009,1638.531,2,6
2017-11-27T22:00:10+0000,28,2U4GBNA0Yml2_DBLxSRUUOk7WbSY6mZrfDHDs_6wlAEi4yMNyBLqD6teGP1n6JCv,tpp,4,1,0,0,67.66694,43,0,jiangyumeimei,157.387,4,16
2017-11-27T22:00:10+0000,28,2U4GBNA0Yml2_DBLxSRUUOk7WbSY6mZrfDHDs_6wlAEi4yMNyBLqD6teGP1n6JCv,tpp,4,0,0,0,883.485962,124,1,Aecory,714.767,4,16
2017-11-27T22:00:10+0000,28,2U4GBNA0Yml2_DBLxSRUUOk7WbSY6mZrfDHDs_6wlAEi4yMNyBLqD6teGP1n6JCv,tpp,4,0,1,0,294.4109,100,1,intoyour,333.033,4,16
2017-11-27T22:00:10+0000,28,2U4GBNA0Yml2_DBLxSRUUOk7WbSY6mZrfDHDs_6wlAEi4yMNyBLqD6teGP1n6JCv,tpp,4,0,4,0,318.0735,417,5,Barcelona999,353.77,4,16
2017-11-27T22:00:10+0000,28,2U4GBNA0Yml2_DBLxSRUUOk7WbSY6mZrfDHDs_6wlAEi4yMNyBLqD6teGP1n6JCv,tpp,4,0,0,8807.02,2960.59961,139,1,JiusiChen,1827.412,6,1
2017-11-27T22:00:10+0000,28,2U4GBNA0Yml2_DBLxSRUUOk7WbSY6mZrfDHDs_6wlAEi4yMNyBLqD6teGP1n6JCv,tpp,4,1,2,8491.883,2500.19434,537,5,YZ_shayu,1827.412,6,1
2017-11-27T22:00:10+0000,28,2U4GBNA0Yml2_DBLxSRUUOk7WbSY6mZrfDHDs_6wlAEi4yMNyBLqD6teGP1n6JCv,tpp,4,0,2,7955.70068,1466.2666,261,2,AAMMRR,1827.412,6,1
2017-11-27T22:00:10+0000,28,2U4GBNA0Yml2_DBLxSRUUOk7WbSY6mZrfDHDs_6wlAEi4yMNyBLqD6teGP1n6JCv,tpp,4,0,1,3504.286,2464.52563,165,2,AnziWhoRu,1827.274,7,2
2017-11-27T22:00:10+0000,28,2U4GBNA0Yml2_DBLxSRUUOk7WbSY6mZrfDHDs_6wlAEi4yMNyBLqD6teGP1n6JCv,tpp,4,0,0,5571.64453,1605.93713,27,0,zuzong12,1266.24,7,2
2017-11-27T22:00:10+0000,28,2U4GBNA0Yml2_DBLxSRUUOk7WbSY6mZrfDHDs_6wlAEi4yMNyBLqD6teGP1n6JCv,tpp,4,0,0,2753.22461,1814.40857,67,0,Jacknigechuizi,1263.558,7,2
2017-11-27T22:00:10+0000,28,2U4GBNA0Yml2_DBLxSRUUOk7WbSY6mZrfDHDs_6wlAEi4yMNyBLqD6teGP1n6JCv,tpp,4,0,1,5814.93359,1834.63672,188,0,Zheng-YingY,1827.27,7,2
2017-11-27T22:00:10+0000,28,2U4GBNA0Yml2_DBLxSRUUOk7WbSY6mZrfDHDs_6wlAEi4yMNyBLqD6teGP1n6JCv,tpp,4,0,0,965.8245,3740.54883,0,0,55324,1507.557,8,5
2017-11-27T22:00:10+0000,28,2U4GBNA0Yml2_DBLxSRUUOk7WbSY6mZrfDHDs_6wlAEi4yMNyBLqD6teGP1n6JCv,tpp,4,0,0,0,3572.74756,137,0,Stupidsth,1503.592,8,5
2017-11-27T22:00:10+0000,28,2U4GBNA0Yml2_DBLxSRUUOk7WbSY6mZrfDHDs_6wlAEi4yMNyBLqD6teGP1n6JCv,tpp,4,1,1,0,4416.931,118,1,ergouzi0101,1646.826,8,5
2017-11-27T22:00:10+0000,28,2U4GBNA0Yml2_DBLxSRUUOk7WbSY6mZrfDHDs_6wlAEi4yMNyBLqD6teGP1n6JCv,tpp,4,0,1,0,72.9625549,138,0,TPBlaster,173.752,12,20
2017-11-27T22:00:10+0000,28,2U4GBNA0Yml2_DBLxSRUUOk7WbSY6mZrfDHDs_6wlAEi4yMNyBLqD6teGP1n6JCv,tpp,4,1,2,0,99.64215,139,1,XXPortable,197.523,12,20
2017-11-27T22:00:10+0000,28,2U4GBNA0Yml2_DBLxSRUUOk7WbSY6mZrfDHDs_6wlAEi4yMNyBLqD6teGP1n6JCv,tpp,4,0,1,1826.86865,508.61,143,1,Neneguy,373.545,12,20
2017-11-27T22:00:10+0000,28,2U4GBNA0Yml2_DBLxSRUUOk7WbSY6mZrfDHDs_6wlAEi4yMNyBLqD6teGP1n6JCv,tpp,4,0,0,0,159.731873,48,0,BedDaBaws,170.551,12,20
2017-11-27T22:00:10+0000,28,2U4GBNA0Yml2_DBLxSRUUOk7WbSY6mZrfDHDs_6wlAEi4yMNyBLqD6teGP1n6JCv,tpp,4,0,0,0,1571.10535,0,0,czncsh1000,878.827,13,15
2017-11-27T22:00:10+0000,28,2U4GBNA0Yml2_DBLxSRUUOk7WbSY6mZrfDHDs_6wlAEi4yMNyBLqD6teGP1n6JCv,tpp,4,0,2,0,562.141968,196,1,ilikechijiji,445.732,13,15
2017-11-27T22:00:10+0000,28,2U4GBNA0Yml2_DBLxSRUUOk7WbSY6mZrfDHDs_6wlAEi4yMNyBLqD6teGP1n6JCv,tpp,4,0,0,0,428.482269,0,0,Rain7Guard,319.712,13,15
2017-11-27T22:00:10+0000,28,2U4GBNA0Yml2_DBLxSRUUOk7WbSY6mZrfDHDs_6wlAEi4yMNyBLqD6teGP1n6JCv,tpp,4,0,0,0,919.5812,0,0,babyasme,443.464,13,15
2017-11-27T22:00:10+0000,28,2U4GBNA0Yml2_DBLxSRUUOk7WbSY6mZrfDHDs_6wlAEi4yMNyBLqD6teGP1n6JCv,tpp,4,0,0,0,1055.318,0,0,SLIMSUNDAY,720.92,15,13
2017-11-27T22:00:10+0000,28,2U4GBNA0Yml2_DBLxSRUUOk7WbSY6mZrfDHDs_6wlAEi4yMNyBLqD6teGP1n6JCv,tpp,4,0,1,0,2103.655,175,1,G1T2,884.503,15,13
2017-11-27T22:00:10+0000,28,2U4GBNA0Yml2_DBLxSRUUOk7WbSY6mZrfDHDs_6wlAEi4yMNyBLqD6teGP1n6JCv,tpp,4,0,2,0,2369.61182,238,1,Zhou1Ping,877.11,15,13
2017-11-27T22:00:10+0000,28,2U4GBNA0Yml2_DBLxSRUUOk7WbSY6mZrfDHDs_6wlAEi4yMNyBLqD6teGP1n6JCv,tpp,4,0,1,0,95.22275,99,1,lengshaoshuai,142.571,15,13
2017-11-27T22:00:10+0000,28,2U4GBNA0Yml2_DBLxSRUUOk7WbSY6mZrfDHDs_6wlAEi4yMNyBLqD6teGP1n6JCv,tpp,4,0,1,0,157.009644,99,1,kukudekitten,207.988,16,22
2017-11-27T22:00:10+0000,28,2U4GBNA0Yml2_DBLxSRUUOk7WbSY6mZrfDHDs_6wlAEi4yMNyBLqD6teGP1n6JCv,tpp,4,0,0,0,86.5286942,0,0,Zhangliu223,134.362,16,22
2017-11-27T22:00:10+0000,28,2U4GBNA0Yml2_DBLxSRUUOk7WbSY6mZrfDHDs_6wlAEi4yMNyBLqD6teGP1n6JCv,tpp,4,0,0,0,374.918823,0,0,Ellipsia,355.758,16,22
2017-11-27T22:00:10+0000,28,2U4GBNA0Yml2_DBLxSRUUOk7WbSY6mZrfDHDs_6wlAEi4yMNyBLqD6teGP1n6JCv,tpp,4,0,0,0,70.1831,0,0,LEIXIANG0817,138.105,16,22
2017-11-27T22:00:10+0000,28,2U4GBNA0Yml2_DBLxSRUUOk7WbSY6mZrfDHDs_6wlAEi4yMNyBLqD6teGP1n6JCv,tpp,4,0,0,11.0954409,2708.295,42,0,Malician13,1625.337,17,7
2017-11-27T22:00:10+0000,28,2U4GBNA0Yml2_DBLxSRUUOk7WbSY6mZrfDHDs_6wlAEi4yMNyBLqD6teGP1n6JCv,tpp,4,0,0,0,133.656723,0,0,Dante0522,206.082,17,7
2017-11-27T22:00:10+0000,28,2U4GBNA0Yml2_DBLxSRUUOk7WbSY6mZrfDHDs_6wlAEi4yMNyBLqD6teGP1n6JCv,tpp,4,0,1,0,75.7131958,59,1,MrCaiinChina,175.35,17,7
2017-11-27T22:00:10+0000,28,2U4GBNA0Yml2_DBLxSRUUOk7WbSY6mZrfDHDs_6wlAEi4yMNyBLqD6teGP1n6JCv,tpp,4,0,0,0,25.5600586,36,0,WizardWacker,128.413,17,7
2017-11-27T22:00:10+0000,28,2U4GBNA0Yml2_DBLxSRUUOk7WbSY6mZrfDHDs_6wlAEi4yMNyBLqD6teGP1n6JCv,tpp,4,0,0,0,211.555435,55,0,Chronoptum,321.589,21,22
2017-11-27T22:00:10+0000,28,2U4GBNA0Yml2_DBLxSRUUOk7WbSY6mZrfDHDs_6wlAEi4yMNyBLqD6teGP1n6JCv,tpp,4,0,1,0,41.4518852,99,1,GourmayAnaI,119.932,21,22
2017-11-27T22:00:10+0000,28,2U4GBNA0Yml2_DBLxSRUUOk7WbSY6mZrfDHDs_6wlAEi4yMNyBLqD6teGP1n6JCv,tpp,4,0,0,0,10.060709,0,0,Amberrie,99.47,21,22
2017-11-27T22:00:10+0000,28,2U4GBNA0Yml2_DBLxSRUUOk7WbSY6mZrfDHDs_6wlAEi4yMNyBLqD6teGP1n6JCv,tpp,4,0,0,0,238.027969,69,0,PoisonedCrown,336.906,21,22
2017-11-27T22:00:10+0000,28,2U4GBNA0Yml2_DBLxSRUUOk7WbSY6mZrfDHDs_6wlAEi4yMNyBLqD6teGP1n6JCv,tpp,4,0,1,0,161.842911,60,0,XVII17,382.121,25,19
2017-11-27T22:00:10+0000,28,2U4GBNA0Yml2_DBLxSRUUOk7WbSY6mZrfDHDs_6wlAEi4yMNyBLqD6teGP1n6JCv,tpp,4,0,0,0,92.9559555,0,0,Yniyoubingba,211.422,25,19
2017-11-27T22:00:10+0000,28,2U4GBNA0Yml2_DBLxSRUUOk7WbSY6mZrfDHDs_6wlAEi4yMNyBLqD6teGP1n6JCv,tpp,4,0,0,646.3117,414.9527,20,0,SoulDreamer,382.123,25,19
2017-11-27T22:00:10+0000,28,2U4GBNA0Yml2_DBLxSRUUOk7WbSY6mZrfDHDs_6wlAEi4yMNyBLqD6teGP1n6JCv,tpp,4,0,0,0,30.2696762,0,0,8Marchisio8,172.847,25,19
2017-11-27T22:00:10+0000,28,2U4GBNA0Yml2_DBLxSRUUOk7WbSY6mZrfDHDs_6wlAEi4yMNyBLqD6teGP1n6JCv,tpp,4,0,1,0,1223.78748,247,1,Father200,759.856,27,9
2017-11-27T22:00:10+0000,28,2U4GBNA0Yml2_DBLxSRUUOk7WbSY6mZrfDHDs_6wlAEi4yMNyBLqD6teGP1n6JCv,tpp,4,0,0,851.457336,2415.9624,70,0,skkrrrrt,1362.57,27,9
2017-11-27T22:00:10+0000,28,2U4GBNA0Yml2_DBLxSRUUOk7WbSY6mZrfDHDs_6wlAEi4yMNyBLqD6teGP1n6JCv,tpp,4,0,0,0,854.484558,42,0,TechTrash,464.639,27,9
2017-11-27T22:00:10+0000,28,2U4GBNA0Yml2_DBLxSRUUOk7WbSY6mZrfDHDs_6wlAEi4yMNyBLqD6teGP1n6JCv,tpp,4,0,0,0,69.5683,0,0,DaveDefend,115.914,28,24
2017-11-27T22:00:10+0000,28,2U4GBNA0Yml2_DBLxSRUUOk7WbSY6mZrfDHDs_6wlAEi4yMNyBLqD6teGP1n6JCv,tpp,4,0,0,0,52.1025429,0,0,Exile_Samo,145.065,28,24
2017-11-27T22:00:10+0000,28,2U4GBNA0Yml2_DBLxSRUUOk7WbSY6mZrfDHDs_6wlAEi4yMNyBLqD6teGP1n6JCv,tpp,4,0,1,462.337219,57.7647133,100,1,ThePlushiest,238.242,28,24
2017-11-27T22:00:10+0000,28,2U4GBNA0Yml2_DBLxSRUUOk7WbSY6mZrfDHDs_6wlAEi4yMNyBLqD6teGP1n6JCv,tpp,4,0,1,641.3692,3018.6377,207,2,Yuki-Bitss,959.004,5,12
2017-11-27T22:00:10+0000,28,2U4GBNA0Yml2_DBLxSRUUOk7WbSY6mZrfDHDs_6wlAEi4yMNyBLqD6teGP1n6JCv,tpp,4,1,3,2528.815,1353.311,336,3,Edisonbeta,1005.285,5,12
2017-11-27T22:00:10+0000,28,2U4GBNA0Yml2_DBLxSRUUOk7WbSY6mZrfDHDs_6wlAEi4yMNyBLqD6teGP1n6JCv,tpp,4,2,1,1895.60657,1523.18237,349,2,UnderPressure98,844.188,5,12
2017-11-27T22:00:10+0000,28,2U4GBNA0Yml2_DBLxSRUUOk7WbSY6mZrfDHDs_6wlAEi4yMNyBLqD6teGP1n6JCv,tpp,4,0,1,0,2302.25317,342,3,shiwodadiao631,1193.419,9,10
2017-11-27T22:00:10+0000,28,2U4GBNA0Yml2_DBLxSRUUOk7WbSY6mZrfDHDs_6wlAEi4yMNyBLqD6teGP1n6JCv,tpp,4,0,1,0,2770.65283,163,2,Troeid,1193.421,9,10
2017-11-27T22:00:10+0000,28,2U4GBNA0Yml2_DBLxSRUUOk7WbSY6mZrfDHDs_6wlAEi4yMNyBLqD6teGP1n6JCv,tpp,4,0,0,0,111.689491,0,0,chinaqqqqq,194.399,9,10
2017-11-27T22:00:10+0000,28,2U4GBNA0Yml2_DBLxSRUUOk7WbSY6mZrfDHDs_6wlAEi4yMNyBLqD6teGP1n6JCv,tpp,4,1,2,0,2252.74316,129,2,iTL2,1011.654,9,10
2017-11-27T22:00:10+0000,28,2U4GBNA0Yml2_DBLxSRUUOk7WbSY6mZrfDHDs_6wlAEi4yMNyBLqD6teGP1n6JCv,tpp,4,0,0,0,25.4195271,52,0,K_WANG,126.551,14,27
2017-11-27T22:00:10+0000,28,2U4GBNA0Yml2_DBLxSRUUOk7WbSY6mZrfDHDs_6wlAEi4yMNyBLqD6teGP1n6JCv,tpp,4,0,0,0,139.421234,0,0,Dajiba18,124.525,14,27
2017-11-27T22:00:10+0000,28,2U4GBNA0Yml2_DBLxSRUUOk7WbSY6mZrfDHDs_6wlAEi4yMNyBLqD6teGP1n6JCv,tpp,4,0,1,0,80.128624,176,1,heroyang10,172.864,14,27
2017-11-27T22:00:10+0000,28,2U4GBNA0Yml2_DBLxSRUUOk7WbSY6mZrfDHDs_6wlAEi4yMNyBLqD6teGP1n6JCv,tpp,4,0,0,0,49.1682167,86,0,Nakiya,114.081,14,27
2017-11-27T22:00:10+0000,28,2U4GBNA0Yml2_DBLxSRUUOk7WbSY6mZrfDHDs_6wlAEi4yMNyBLqD6teGP1n6JCv,tpp,4,0,0,0,100.91098,74,0,CN-zhang_wtf,145.505,19,28
2017-11-27T22:00:10+0000,28,2U4GBNA0Yml2_DBLxSRUUOk7WbSY6mZrfDHDs_6wlAEi4yMNyBLqD6teGP1n6JCv,tpp,4,0,0,0,19.64607,28,0,XIECHAOZEINIUBI,95.462,19,28
2017-11-27T22:00:10+0000,28,2U4GBNA0Yml2_DBLxSRUUOk7WbSY6mZrfDHDs_6wlAEi4yMNyBLqD6teGP1n6JCv,tpp,4,0,0,0,145.1939,0,0,BOCHANGZEINIUBI,120.095,19,28
2017-11-27T22:00:10+0000,28,2U4GBNA0Yml2_DBLxSRUUOk7WbSY6mZrfDHDs_6wlAEi4yMNyBLqD6teGP1n6JCv,tpp,4,2,3,3761.31567,2663.06,444,3,biGRUN,1721.486,22,4
2017-11-27T22:00:10+0000,28,2U4GBNA0Yml2_DBLxSRUUOk7WbSY6mZrfDHDs_6wlAEi4yMNyBLqD6teGP1n6JCv,tpp,4,0,1,2576.11353,2059.79834,58,1,Usama-BinLaden,1096.403,22,4
2017-11-27T22:00:10+0000,28,2U4GBNA0Yml2_DBLxSRUUOk7WbSY6mZrfDHDs_6wlAEi4yMNyBLqD6teGP1n6JCv,tpp,4,1,0,3423.5918,2349.47363,199,2,FangXiaoShao,1610.197,22,4
2017-11-27T22:00:10+0000,28,2U4GBNA0Yml2_DBLxSRUUOk7WbSY6mZrfDHDs_6wlAEi4yMNyBLqD6teGP1n6JCv,tpp,4,0,2,4377.07227,2193.85254,237,2,HanQiQi,1518.024,22,4
2017-11-27T22:00:10+0000,28,2U4GBNA0Yml2_DBLxSRUUOk7WbSY6mZrfDHDs_6wlAEi4yMNyBLqD6teGP1n6JCv,tpp,4,0,0,9486.909,2021.314,33,1,INCREMENTAL,1758.76,24,3
2017-11-27T22:00:10+0000,28,2U4GBNA0Yml2_DBLxSRUUOk7WbSY6mZrfDHDs_6wlAEi4yMNyBLqD6teGP1n6JCv,tpp,4,1,1,9774.988,1959.65625,44,1,idoit4thelolz8a,1758.756,24,3
2017-11-27T22:00:10+0000,28,2U4GBNA0Yml2_DBLxSRUUOk7WbSY6mZrfDHDs_6wlAEi4yMNyBLqD6teGP1n6JCv,tpp,4,1,2,11608.8633,2258.092,283,3,CALLMEJWAGZ,1758.751,24,3
2017-11-27T22:00:10+0000,28,2U4GBNA0Yml2_DBLxSRUUOk7WbSY6mZrfDHDs_6wlAEi4yMNyBLqD6teGP1n6JCv,tpp,4,0,1,0,104.971924,126,1,Taox1n9,207.071,26,26
2017-11-27T22:00:10+0000,28,2U4GBNA0Yml2_DBLxSRUUOk7WbSY6mZrfDHDs_6wlAEi4yMNyBLqD6teGP1n6JCv,tpp,4,0,0,0,168.703979,22,0,pandaTV-414836,207.075,26,26
2017-11-27T22:00:10+0000,28,2U4GBNA0Yml2_DBLxSRUUOk7WbSY6mZrfDHDs_6wlAEi4yMNyBLqD6teGP1n6JCv,tpp,4,1,0,0,44.87505,27,0,NO1Tzc,187.127,26,26
2017-11-27T22:00:10+0000,28,2U4GBNA0Yml2_DBLxSRUUOk7WbSY6mZrfDHDs_6wlAEi4yMNyBLqD6teGP1n6JCv,tpp,4,0,0,0,532.477,0,0,Make_iove,261.786,29,17
2017-11-27T22:00:10+0000,28,2U4GBNA0Yml2_DBLxSRUUOk7WbSY6mZrfDHDs_6wlAEi4yMNyBLqD6teGP1n6JCv,tpp,4,0,1,0,1087.00171,218,1,tg8426484,695.731,29,17
2017-11-27T22:00:10+0000,28,2U4GBNA0Yml2_DBLxSRUUOk7WbSY6mZrfDHDs_6wlAEi4yMNyBLqD6teGP1n6JCv,tpp,4,0,0,0,75.5124,9,0,incredibletony,182.991,30,25
2017-11-27T22:00:10+0000,28,2U4GBNA0Yml2_DBLxSRUUOk7WbSY6mZrfDHDs_6wlAEi4yMNyBLqD6teGP1n6JCv,tpp,4,0,1,0,252.7619,195,1,MelonR1nd,220.277,30,25
2017-11-27T22:00:10+0000,28,2U4GBNA0Yml2_DBLxSRUUOk7WbSY6mZrfDHDs_6wlAEi4yMNyBLqD6teGP1n6JCv,tpp,4,0,1,0,2282.30469,128,0,DaddyTy,748.767,10,15
2017-11-27T22:00:10+0000,28,2U4GBNA0Yml2_DBLxSRUUOk7WbSY6mZrfDHDs_6wlAEi4yMNyBLqD6teGP1n6JCv,tpp,4,0,0,0,2013.42078,0,0,Eternalpeace,748.763,10,15
2017-11-27T22:00:10+0000,28,2U4GBNA0Yml2_DBLxSRUUOk7WbSY6mZrfDHDs_6wlAEi4yMNyBLqD6teGP1n6JCv,tpp,4,0,0,0,2046.22412,49,0,izHydra,748.771,10,15
2017-11-27T22:00:10+0000,28,2U4GBNA0Yml2_DBLxSRUUOk7WbSY6mZrfDHDs_6wlAEi4yMNyBLqD6teGP1n6JCv,tpp,4,1,0,311.115631,684.558044,315,0,BELGARATH_-12,682.277,11,18
2017-11-27T22:00:10+0000,28,2U4GBNA0Yml2_DBLxSRUUOk7WbSY6mZrfDHDs_6wlAEi4yMNyBLqD6teGP1n6JCv,tpp,4,0,4,276.2084,725.050537,483,4,DrStrangeLove__,682.281,11,18
2017-11-27T22:00:10+0000,28,2U4GBNA0Yml2_DBLxSRUUOk7WbSY6mZrfDHDs_6wlAEi4yMNyBLqD6teGP1n6JCv,tpp,4,0,0,0,12.0787344,0,0,aye_Adam,112.523,11,18
2017-11-27T22:00:10+0000,28,2U4GBNA0Yml2_DBLxSRUUOk7WbSY6mZrfDHDs_6wlAEi4yMNyBLqD6teGP1n6JCv,tpp,4,0,3,0,265.933075,299,3,JahviGodSeeU,298.246,20,23
2017-11-27T22:00:10+0000,28,2U4GBNA0Yml2_DBLxSRUUOk7WbSY6mZrfDHDs_6wlAEi4yMNyBLqD6teGP1n6JCv,tpp,4,0,6,485.076172,2934.44214,539,7,Balt,1094.582,23,11
2017-11-27T22:00:10+0000,28,2U4GBNA0Yml2_DBLxSRUUOk7WbSY6mZrfDHDs_6wlAEi4yMNyBLqD6teGP1n6JCv,tpp,4,1,3,1248.82751,1273.91248,497,4,MadeInZerg,1105.945,23,11
2017-11-27T22:00:10+0000,28,2U4GBNA0Yml2_DBLxSRUUOk7WbSY6mZrfDHDs_6wlAEi4yMNyBLqD6teGP1n6JCv,tpp,4,1,4,1351.85144,1351.74548,615,3,COOLPlS,1120.853,23,11